Datetime,Water Level (m)
2025-03-29 06:00:00,-5.101
2025-03-29 07:00:00,-5.101
2025-03-29 08:00:00,-5.101
2025-03-29 09:00:00,-5.101
2025-03-29 10:00:00,-5.101
2025-03-29 11:00:00,-5.101
2025-03-29 12:00:00,-5.101
2025-03-29 13:00:00,-5.101
2025-03-29 14:00:00,-5.101
2025-03-29 15:00:00,-5.101
2025-03-29 16:00:00,-5.101
2025-03-29 17:00:00,-5.101
2025-03-29 18:00:00,-5.101
2025-03-29 19:00:00,-5.101
2025-03-29 20:00:00,-5.101
2025-03-29 21:00:00,-5.101
2025-03-29 22:00:00,-5.101
2025-03-29 23:00:00,-5.101
2025-03-30 00:00:00,-5.101
2025-03-30 01:00:00,-5.101
2025-03-30 02:00:00,-5.101
2025-03-30 03:00:00,-5.101
2025-03-30 04:00:00,-5.101
2025-03-30 05:00:00,-5.101
2025-03-30 06:00:00,-5.101
2025-03-30 07:00:00,-5.101
2025-03-30 08:00:00,-5.101
2025-03-30 09:00:00,-5.101
2025-03-30 10:00:00,-5.101
2025-03-30 11:00:00,-5.101
2025-03-30 12:00:00,-5.101
2025-03-30 13:00:00,-5.101
2025-03-30 14:00:00,-5.101
2025-03-30 15:00:00,-5.101
2025-03-30 16:00:00,0.038999565
2025-03-30 17:00:00,0.11463641
2025-03-30 18:00:00,0.12230712
2025-03-30 19:00:00,0.11792082
2025-03-30 20:00:00,0.12362276
2025-03-30 21:00:00,0.12635832
2025-03-30 22:00:00,0.12931633
2025-03-30 23:00:00,0.13131516
2025-03-31 00:00:00,0.13100012
2025-03-31 01:00:00,0.13270852
2025-03-31 02:00:00,0.13616365
2025-03-31 03:00:00,0.13815781
2025-03-31 04:00:00,0.14296642
2025-03-31 05:00:00,0.145438
2025-03-31 06:00:00,0.14847596
2025-03-31 07:00:00,0.15073559
2025-03-31 08:00:00,0.152035
2025-03-31 09:00:00,0.15498379
2025-03-31 10:00:00,0.15734915
2025-03-31 11:00:00,0.15921974
2025-03-31 12:00:00,0.1608088
2025-03-31 13:00:00,0.16195008
2025-03-31 14:00:00,0.17481732
2025-03-31 15:00:00,0.18630506
2025-03-31 16:00:00,0.18831065
2025-03-31 17:00:00,0.18789412
2025-03-31 18:00:00,0.18697515
2025-03-31 19:00:00,0.1859848
2025-03-31 20:00:00,0.18448946
2025-03-31 21:00:00,0.18334803
2025-03-31 22:00:00,0.18269281
2025-03-31 23:00:00,0.1928053
2025-04-01 00:00:00,0.20117101
2025-04-01 01:00:00,0.20826733
2025-04-01 02:00:00,0.21601525
2025-04-01 03:00:00,0.22524555
2025-04-01 04:00:00,0.23200765
2025-04-01 05:00:00,0.23681267
2025-04-01 06:00:00,0.24148293
2025-04-01 07:00:00,0.24648237
2025-04-01 08:00:00,0.25156227
2025-04-01 09:00:00,0.2563824
2025-04-01 10:00:00,0.26118553
2025-04-01 11:00:00,0.2661992
2025-04-01 12:00:00,0.26648104
2025-04-01 13:00:00,0.2679779
2025-04-01 14:00:00,0.27851525
2025-04-01 15:00:00,0.28732187
2025-04-01 16:00:00,0.2909624
2025-04-01 17:00:00,0.29298627
2025-04-01 18:00:00,0.2941598
2025-04-01 19:00:00,0.29472828
2025-04-01 20:00:00,0.29493886
2025-04-01 21:00:00,0.2948073
2025-04-01 22:00:00,0.29482418
2025-04-01 23:00:00,0.2951103
2025-04-02 00:00:00,0.29606706
2025-04-02 01:00:00,0.2983526
2025-04-02 02:00:00,0.30188057
2025-04-02 03:00:00,0.30625984
2025-04-02 04:00:00,0.30976826
2025-04-02 05:00:00,0.3126987
2025-04-02 06:00:00,0.315426
2025-04-02 07:00:00,0.31768423
2025-04-02 08:00:00,0.31941983
2025-04-02 09:00:00,0.32096246
2025-04-02 10:00:00,0.32235307
2025-04-02 11:00:00,0.3234262
2025-04-02 12:00:00,0.32400215
2025-04-02 13:00:00,0.32970312
2025-04-02 14:00:00,0.34044564
2025-04-02 15:00:00,0.34558204
2025-04-02 16:00:00,0.34606776
2025-04-02 17:00:00,0.34493983
2025-04-02 18:00:00,0.34321037
2025-04-02 19:00:00,0.34081352
2025-04-02 20:00:00,0.3386142
2025-04-02 21:00:00,0.33652318
2025-04-02 22:00:00,0.33502096
2025-04-02 23:00:00,0.3344974
2025-04-03 00:00:00,0.33454922
2025-04-03 01:00:00,0.33536866
2025-04-03 02:00:00,0.33762053
2025-04-03 03:00:00,0.34102345
2025-04-03 04:00:00,0.3431027
2025-04-03 05:00:00,0.3444276
2025-04-03 06:00:00,0.34552744
2025-04-03 07:00:00,0.3458455
2025-04-03 08:00:00,0.34575933
2025-04-03 09:00:00,0.34537044
2025-04-03 10:00:00,0.3448177
2025-04-03 11:00:00,0.34418526
2025-04-03 12:00:00,0.3429157
2025-04-03 13:00:00,0.34503567
2025-04-03 14:00:00,0.35560125
2025-04-03 15:00:00,0.36172697
2025-04-03 16:00:00,0.36092004
2025-04-03 17:00:00,0.35630643
2025-04-03 18:00:00,0.35198745
2025-04-03 19:00:00,0.3480331
2025-04-03 20:00:00,0.34411076
2025-04-03 21:00:00,0.33957562
2025-04-03 22:00:00,0.33654043
2025-04-03 23:00:00,0.33446154
2025-04-04 00:00:00,0.33255515
2025-04-04 01:00:00,0.3330986
2025-04-04 02:00:00,0.33505347
2025-04-04 03:00:00,0.3376388
2025-04-04 04:00:00,0.33909625
2025-04-04 05:00:00,0.33924228
2025-04-04 06:00:00,0.33912513
